,r,b,swpd,free,buff,cache,si,so,bi,bo,in,cs,us,sy,id,wa,st
0,0,0,185100,61232,10332,308296,4,34,212,53,1506,394,1,36,64,0,0
1,0,0,185100,61232,10332,308308,0,0,0,0,181,668,0,1,99,0,0
2,0,0,185100,61232,10332,308308,0,0,0,0,130,401,1,2,97,0,0
3,1,0,185100,61232,10332,308308,0,0,0,0,96,229,0,0,100,0,0
4,1,0,185100,61232,10332,308308,0,0,0,0,296,1194,0,1,99,0,0
5,0,0,185100,61232,10332,308308,0,0,0,0,90,240,0,0,100,0,0
6,0,0,185100,61232,10344,308308,0,0,0,36,93,218,0,0,100,0,0
7,0,0,185100,61232,10344,308308,0,0,0,0,101,254,0,0,100,0,0
8,1,0,185100,60560,10344,308420,0,0,120,0,198,364,1,2,97,0,0
9,0,0,185100,60112,10344,308432,0,0,0,0,636,411,0,19,81,0,0
10,1,0,185100,60112,10344,308436,0,0,0,0,636,440,0,19,81,0,0
11,1,0,185100,59664,10344,308436,0,0,0,0,966,437,0,34,66,0,0
12,2,0,185100,59440,10352,308440,0,0,0,640,812,406,0,25,75,0,0
13,0,0,185100,59440,10352,308444,0,0,0,0,1040,407,0,37,63,0,0
14,1,0,185100,59440,10352,308444,0,0,0,0,631,369,0,19,81,0,0
15,1,0,185100,59440,10352,308448,0,0,0,0,819,386,0,27,73,0,0
16,0,0,185100,59440,10352,308448,0,0,0,0,651,372,0,20,80,0,0
17,0,0,185100,59440,10364,308452,0,0,0,52,703,376,0,20,79,1,0
18,0,0,185100,59440,10364,308456,0,0,0,0,1140,500,0,32,68,0,0
19,1,0,185100,59440,10364,308452,0,0,0,0,799,357,0,21,79,0,0
20,0,0,185100,59440,10364,308456,0,0,0,0,1318,406,0,43,57,0,0
21,0,0,185100,59216,10364,308456,0,0,0,0,792,351,0,22,78,0,0
22,0,0,185100,59216,10376,308460,0,0,0,84,668,379,0,20,80,0,0
23,0,0,185100,59216,10376,308464,0,0,0,0,806,363,0,21,79,0,0
24,0,0,185100,59216,10376,308464,0,0,0,0,767,353,0,26,74,0,0
25,0,0,185100,59216,10376,308468,0,0,0,0,864,397,0,29,71,0,0
26,0,0,185100,58992,10376,308468,0,0,0,0,783,367,0,27,73,0,0
27,1,0,185100,58992,10384,308472,0,0,0,16,573,364,0,17,83,0,0
28,1,0,185100,58992,10384,308476,0,0,0,0,678,349,0,21,79,0,0
29,2,0,185100,58768,10384,308476,0,0,0,0,1065,387,0,37,63,0,0
30,1,0,185100,58768,10384,308480,0,0,0,0,719,381,0,24,76,0,0
31,3,0,185100,58768,10384,308480,0,0,0,0,581,343,0,18,82,0,0
32,0,0,185100,58768,10392,308484,0,0,0,16,1021,389,0,32,68,0,0
33,0,0,185100,58768,10392,308488,0,0,0,0,715,353,0,24,76,0,0
34,0,0,185100,58320,10392,308488,0,0,0,0,569,389,0,18,82,0,0
35,0,0,185100,58320,10392,308492,0,0,0,0,606,353,0,19,81,0,0
36,1,0,185100,58320,10392,308492,0,0,0,0,789,413,0,27,73,0,0
37,0,0,185100,58320,10400,308496,0,0,0,16,717,366,0,27,73,0,0
38,0,0,185100,58096,10400,308496,0,0,0,0,588,379,0,17,83,0,0
39,0,0,185100,58096,10400,308500,0,0,0,0,506,363,0,17,83,0,0
40,1,0,185100,58096,10400,308504,0,0,0,0,673,363,0,23,77,0,0
41,0,0,185100,58096,10400,308504,0,0,0,0,660,345,0,21,79,0,0
42,0,0,185100,58096,10408,308508,0,0,0,96,440,345,0,12,88,0,0
43,0,0,185100,58096,10408,308508,0,0,0,0,733,393,0,23,77,0,0
44,0,0,185100,58096,10408,308512,0,0,0,0,817,363,1,30,69,0,0
45,0,0,185100,58096,10408,308516,0,0,0,0,798,377,0,27,73,0,0
46,0,0,185100,58096,10408,308516,0,0,0,0,724,380,0,25,75,0,0
47,0,0,185100,58096,10420,308520,0,0,0,32,512,363,0,15,85,0,0
48,0,0,185100,58096,10420,308524,0,0,0,92,874,409,0,31,69,0,0
49,1,0,185100,58096,10420,308528,0,0,0,0,671,366,0,23,77,0,0
50,1,0,185100,58096,10420,308532,0,0,0,0,548,352,0,18,82,0,0
51,0,0,185100,58096,10420,308532,0,0,0,0,490,337,0,15,85,0,0
52,0,0,185100,58096,10428,308536,0,0,0,16,794,388,0,28,72,0,0
53,1,0,185100,58096,10428,308536,0,0,0,152,734,371,0,26,74,0,0
54,0,0,185100,58096,10428,308540,0,0,0,0,618,392,0,21,79,0,0
55,1,0,185100,58096,10444,308580,0,0,0,84,699,371,0,23,77,0,0
56,0,0,185100,58096,10444,308580,0,0,0,0,840,380,0,29,71,0,0
57,0,0,185100,58096,10444,308584,0,0,0,0,566,350,0,18,82,0,0
58,1,0,185100,58096,10444,308584,0,0,0,0,676,395,0,22,78,0,0
59,0,0,185100,58096,10444,308588,0,0,0,0,543,353,0,17,83,0,0
60,0,0,185100,58096,10452,308580,0,0,0,40,601,366,0,19,80,1,0
61,0,0,185100,58096,10452,308592,0,0,0,0,726,368,0,24,76,0,0
62,0,0,185100,58096,10452,308596,0,0,0,0,604,369,0,19,81,0,0
63,2,0,185100,58096,10452,308596,0,0,0,0,783,379,0,28,72,0,0
64,0,0,185100,58096,10452,308600,0,0,0,0,704,354,0,24,76,0,0
65,2,0,185100,58096,10460,308604,0,0,0,16,717,352,0,26,74,0,0
66,1,0,185100,58096,10460,308604,0,0,0,0,727,369,0,24,76,0,0
67,0,0,185100,58096,10460,308608,0,0,0,0,478,366,0,13,87,0,0
68,0,0,185100,58096,10460,308608,0,0,0,136,665,369,0,23,77,0,0
69,1,0,185100,58096,10460,308612,0,0,0,0,449,336,0,11,89,0,0
70,0,0,185100,58096,10472,308616,0,0,0,40,690,399,0,25,75,0,0
71,0,0,185100,58096,10472,308616,0,0,0,0,676,371,0,21,79,0,0
72,1,0,185100,58096,10472,308620,0,0,0,0,562,361,0,15,85,0,0
73,0,0,185100,58096,10472,308620,0,0,0,0,490,342,0,14,86,0,0
74,0,0,185100,58096,10472,308624,0,0,0,0,669,378,0,20,80,0,0
75,0,0,185100,58096,10480,308616,0,0,0,16,657,376,0,22,78,0,0
76,2,0,185100,58096,10480,308628,0,0,0,0,536,369,0,15,85,0,0
77,0,0,185100,58096,10480,308632,0,0,0,0,814,426,1,30,69,0,0
78,2,0,185100,58096,10480,308632,0,0,0,0,362,344,0,8,92,0,0
79,0,0,185100,58096,10480,308636,0,0,0,0,776,367,0,27,73,0,0
80,1,0,185100,58096,10480,308636,0,0,0,0,624,345,0,22,78,0,0
81,0,0,185100,57872,10488,308640,0,0,0,16,652,391,0,20,80,0,0
82,1,0,185100,57872,10488,308640,0,0,0,0,409,330,0,9,91,0,0
83,0,0,185100,57872,10488,308644,0,0,0,52,786,382,0,28,72,0,0
84,0,0,185100,57872,10488,308648,0,0,0,0,800,376,0,29,71,0,0
85,0,0,185100,57872,10488,308648,0,0,0,0,563,355,0,17,83,0,0
86,0,0,185100,57872,10500,308652,0,0,0,32,623,386,0,19,81,0,0
87,1,0,185100,57872,10500,308652,0,0,0,0,695,345,0,24,76,0,0
88,0,0,185100,57872,10500,308656,0,0,0,0,736,387,0,23,77,0,0
89,0,0,185100,57872,10500,308660,0,0,0,0,552,333,0,17,83,0,0
90,0,0,185100,57872,10500,308660,0,0,0,0,518,374,0,14,86,0,0
91,1,0,185100,57872,10508,308664,0,0,0,16,387,353,0,7,93,0,0
92,0,0,185100,57872,10508,308664,0,0,0,0,567,347,0,16,84,0,0
93,2,0,185100,57872,10508,308668,0,0,0,0,449,341,0,11,89,0,0
94,0,0,185100,57872,10508,308672,0,0,0,32,522,365,0,14,86,0,0
95,0,0,185100,57872,10508,308672,0,0,0,0,649,352,0,20,80,0,0
96,2,0,185100,57872,10520,308676,0,0,0,32,566,374,0,16,84,0,0
97,0,0,185100,57872,10520,308676,0,0,0,0,739,346,0,26,74,0,0
98,0,0,185100,57872,10520,308680,0,0,0,0,640,383,0,20,80,0,0
99,0,0,185100,57872,10520,308684,0,0,0,0,536,352,0,17,83,0,0
100,0,0,185100,57872,10520,308688,0,0,0,0,610,360,0,18,82,0,0
101,0,0,185100,57872,10528,308692,0,0,0,16,550,363,0,16,84,0,0
102,1,0,185100,57872,10528,308692,0,0,0,0,787,371,0,27,73,0,0
103,0,0,185100,57872,10528,308696,0,0,0,0,1014,383,0,38,62,0,0
104,1,0,185100,57872,10528,308696,0,0,0,0,608,369,0,19,81,0,0
105,4,0,185100,57872,10528,308700,0,0,0,0,673,346,0,22,78,0,0
106,1,0,185100,57872,10536,308704,0,0,0,16,734,388,0,25,75,0,0
107,0,0,185100,57872,10536,308704,0,0,0,0,383,315,0,8,92,0,0
108,0,0,185100,57872,10536,308708,0,0,0,0,362,346,0,6,94,0,0
109,0,0,185100,57872,10536,308708,0,0,0,0,627,313,0,20,80,0,0
110,0,0,185100,57872,10536,308712,0,0,0,0,750,415,0,25,75,0,0
111,0,0,185100,57872,10544,308716,0,0,0,16,633,339,0,21,79,0,0
112,0,0,185100,57872,10544,308716,0,0,0,0,748,372,0,24,76,0,0
113,0,0,185100,57872,10544,308720,0,0,0,0,557,344,0,17,83,0,0
114,0,0,185100,57872,10544,308720,0,0,0,0,746,385,0,26,74,0,0
115,3,0,185100,57872,10544,308724,0,0,0,0,691,340,0,22,78,0,0
116,0,0,185100,57872,10552,308724,0,0,0,16,671,362,0,21,78,1,0
117,0,0,185100,57872,10552,308728,0,0,0,0,645,362,0,22,78,0,0
118,1,0,185100,57872,10552,308732,0,0,0,0,354,353,0,8,92,0,0
119,1,0,185100,57872,10552,308732,0,0,0,0,862,356,0,29,71,0,0
120,0,0,185100,57872,10552,308736,0,0,0,0,495,354,0,14,86,0,0
121,0,0,185100,57872,10560,308740,0,0,0,16,781,392,0,27,73,0,0
122,0,0,185100,57872,10560,308740,0,0,0,0,641,387,0,20,80,0,0
123,1,0,185100,57872,10560,308744,0,0,0,0,683,355,0,23,77,0,0
124,0,0,185100,57872,10560,308744,0,0,0,76,641,361,0,19,81,0,0
125,0,0,185100,57872,10560,308748,0,0,0,0,682,337,0,22,78,0,0
126,0,0,185100,57872,10572,308748,0,0,0,32,496,373,0,14,86,0,0
127,1,0,185100,57872,10572,308752,0,0,0,0,608,389,0,18,82,0,0
128,1,0,185100,57872,10572,308756,0,0,0,0,870,387,0,32,68,0,0
129,0,0,185100,57872,10572,308756,0,0,0,16,640,346,0,20,80,0,0
130,0,0,185100,57872,10572,308760,0,0,0,0,447,373,0,10,90,0,0
131,0,0,185100,57872,10580,308760,0,0,0,24,726,386,0,23,77,0,0
132,1,0,185100,57872,10580,308764,0,0,0,0,533,358,0,14,86,0,0
133,0,0,185100,57872,10580,308768,0,0,0,0,609,347,0,18,82,0,0
134,0,0,185100,57872,10580,308768,0,0,0,0,702,348,0,23,77,0,0
135,0,0,185100,57872,10580,308772,0,0,0,0,553,354,0,15,85,0,0
136,0,0,185100,57872,10588,308772,0,0,0,16,634,370,0,21,79,0,0
137,0,0,185100,57872,10588,308776,0,0,0,0,825,417,1,30,69,0,0
138,0,0,185100,57872,10588,308776,0,0,0,0,547,345,0,16,84,0,0
139,0,0,185100,57872,10588,308780,0,0,0,0,658,366,0,22,78,0,0
140,1,0,185100,57872,10588,308784,0,0,0,48,951,382,0,35,65,0,0
141,1,0,185100,57872,10600,308784,0,0,0,32,738,380,0,24,76,0,0
142,0,0,185100,57872,10600,308788,0,0,0,0,705,370,0,24,76,0,0
143,0,0,185100,57872,10600,308792,0,0,0,0,779,349,0,28,72,0,0
144,0,0,185100,57872,10600,308792,0,0,0,0,700,363,0,25,75,0,0
145,0,0,185100,57872,10600,308796,0,0,0,0,552,343,0,16,84,0,0
146,2,0,185100,57872,10608,308796,0,0,0,16,416,368,0,12,88,0,0
147,0,0,185100,57872,10608,308800,0,0,0,0,577,335,0,18,82,0,0
148,2,0,185100,57872,10608,308800,0,0,0,0,716,383,0,24,76,0,0
149,0,0,185100,57872,10608,308804,0,0,0,0,615,367,0,18,82,0,0
150,0,0,185100,57872,10608,308812,0,0,0,0,705,377,0,25,75,0,0
151,0,0,185100,57872,10616,308812,0,0,0,16,657,341,0,20,79,1,0
152,0,0,185100,57872,10616,308816,0,0,0,0,872,326,0,32,68,0,0
153,0,0,185100,57872,10616,308820,0,0,0,0,773,366,0,27,73,0,0
154,0,0,185100,57872,10616,308820,0,0,0,0,567,356,0,18,82,0,0
155,0,0,185100,57872,10616,308824,0,0,0,0,515,367,0,13,87,0,0
156,0,0,185100,57872,10624,308824,0,0,0,16,394,340,0,9,91,0,0
157,1,0,185100,57872,10624,308828,0,0,0,0,821,391,0,31,69,0,0
158,0,0,185100,57872,10624,308828,0,0,0,0,755,381,0,26,74,0,0
159,0,0,185100,57872,10624,308832,0,0,0,0,900,383,0,34,66,0,0
160,0,0,185100,57872,10624,308836,0,0,0,0,508,361,0,15,85,0,0
161,5,0,185100,57872,10632,308836,0,0,0,16,581,349,0,19,81,0,0
162,1,0,185100,57872,10632,308840,0,0,0,0,496,358,0,13,87,0,0
163,0,0,185100,57872,10632,308840,0,0,0,0,477,361,0,13,87,0,0
164,0,0,185100,57872,10632,308844,0,0,0,0,518,366,0,17,83,0,0
165,1,0,185100,57872,10632,308848,0,0,0,0,557,347,0,18,82,0,0
166,1,0,185100,57872,10640,308848,0,0,0,16,798,382,0,29,71,0,0
167,0,0,185100,57872,10640,308852,0,0,0,0,673,346,0,24,76,0,0
168,2,0,185100,57872,10640,308852,0,0,0,0,692,417,0,23,77,0,0
169,0,0,185100,57872,10640,308856,0,0,0,0,791,391,0,29,71,0,0
170,3,0,185100,57872,10640,308856,0,0,0,76,598,379,0,21,79,0,0
171,0,0,185100,57872,10652,308860,0,0,0,32,691,381,0,24,76,0,0
172,0,0,185100,57872,10652,308864,0,0,0,0,657,373,0,23,77,0,0
173,0,0,185100,57872,10652,308864,0,0,0,0,605,370,0,19,81,0,0
174,0,0,185100,57872,10652,308868,0,0,0,0,593,381,0,20,80,0,0
175,1,0,185100,57872,10652,308868,0,0,0,0,716,385,0,25,75,0,0
176,0,0,185100,57872,10660,308872,0,0,0,40,629,381,0,20,80,0,0
177,0,0,185100,57872,10660,308872,0,0,0,0,618,355,0,20,80,0,0
178,0,0,185100,57872,10660,308876,0,0,0,0,721,373,0,24,76,0,0
179,0,0,185100,57872,10660,308880,0,0,0,0,711,396,0,25,75,0,0
180,1,0,185100,57872,10660,308880,0,0,0,0,751,375,0,26,74,0,0
181,0,0,185100,57872,10668,308884,0,0,0,16,500,348,0,16,84,0,0
182,0,0,185100,57872,10668,308884,0,0,0,0,571,384,0,19,81,0,0
183,0,0,185100,57872,10668,308888,0,0,0,0,628,360,0,20,80,0,0
184,0,0,185100,57872,10668,308892,0,0,0,0,628,377,0,21,79,0,0
185,1,0,185100,57872,10668,308892,0,0,0,0,728,357,0,26,74,0,0
186,0,0,185100,57872,10680,308896,0,0,0,84,616,382,0,20,80,0,0
187,0,0,185100,57872,10680,308900,0,0,0,0,643,387,0,22,78,0,0
188,0,0,185100,57872,10680,308900,0,0,0,0,722,364,0,27,73,0,0
189,0,0,185100,57872,10680,308904,0,0,0,0,493,351,0,14,86,0,0
190,0,0,185100,57872,10680,308904,0,0,0,0,654,357,0,21,79,0,0
191,0,0,185100,57872,10688,308908,0,0,0,16,576,389,0,20,79,1,0
192,3,0,185100,57872,10688,308908,0,0,0,0,796,361,0,29,71,0,0
193,0,0,185100,57872,10688,308912,0,0,0,0,764,378,0,28,72,0,0
194,0,0,185100,57872,10688,308916,0,0,0,0,698,368,0,24,76,0,0
195,0,0,185100,57872,10688,308916,0,0,0,0,554,361,0,17,83,0,0
196,0,0,185100,57872,10696,308920,0,0,0,16,739,351,0,26,74,0,0
197,1,0,185100,57872,10696,308920,0,0,0,0,608,389,1,22,77,0,0
198,0,0,185100,57872,10696,308924,0,0,0,0,691,379,0,24,76,0,0
199,0,0,185100,57872,10696,308924,0,0,0,0,870,358,0,33,67,0,0
200,0,0,185100,57872,10696,308928,0,0,0,0,731,397,0,24,76,0,0
201,1,0,185100,57872,10704,308936,0,0,0,16,699,391,0,24,76,0,0
202,0,0,185100,57872,10704,308936,0,0,0,0,792,378,0,28,72,0,0
203,0,0,185100,57872,10704,308940,0,0,0,0,598,378,0,19,81,0,0
204,1,0,185100,57872,10704,308940,0,0,0,0,748,380,0,26,74,0,0
205,1,0,185100,57872,10704,308944,0,0,0,0,538,338,0,17,83,0,0
206,0,0,185100,57872,10712,308948,0,0,0,16,573,390,0,18,82,0,0
207,0,0,185100,57872,10712,308948,0,0,0,0,880,369,0,31,69,0,0
208,0,0,185100,57872,10712,308952,0,0,0,0,550,355,0,18,82,0,0
209,1,0,185100,57872,10712,308952,0,0,0,0,699,360,0,23,77,0,0
210,0,0,185100,57872,10712,308956,0,0,0,0,641,365,0,22,78,0,0
211,2,0,185100,57872,10720,308960,0,0,0,16,748,395,0,26,74,0,0
212,0,0,185100,57872,10720,308960,0,0,0,0,379,330,0,9,91,0,0
213,0,0,185100,57872,10720,308964,0,0,0,0,671,374,0,22,78,0,0
214,0,0,185100,57872,10720,308964,0,0,0,0,734,357,0,26,74,0,0
215,0,0,185100,57872,10720,308968,0,0,0,0,727,374,0,25,75,0,0
216,0,0,185100,57872,10728,308960,0,0,0,96,582,379,0,18,82,0,0
217,1,0,185100,57872,10728,308972,0,0,0,0,562,357,0,18,82,0,0
218,0,0,185100,57872,10728,308976,0,0,0,0,672,378,0,21,79,0,0
219,0,0,185100,57872,10728,308976,0,0,0,0,465,348,0,13,87,0,0
220,0,0,185100,57872,10728,308980,0,0,0,0,647,384,0,20,80,0,0
221,0,0,185100,57872,10740,308984,0,0,0,32,721,373,0,24,76,0,0
222,0,0,185100,57872,10740,308984,0,0,0,8,760,396,0,27,73,0,0
223,0,0,185100,57872,10740,308988,0,0,0,0,408,336,0,10,90,0,0
224,0,0,185100,57872,10740,308988,0,0,0,0,771,372,0,27,73,0,0
225,0,0,185100,57872,10740,308992,0,0,0,0,594,358,0,19,81,0,0
226,1,0,185100,57872,10748,308996,0,0,0,24,615,354,0,20,80,0,0
227,0,0,185100,57872,10748,308996,0,0,0,0,585,358,0,19,81,0,0
228,0,0,185100,57872,10748,309000,0,0,0,0,706,375,0,23,77,0,0
229,0,0,185100,57872,10748,309000,0,0,0,0,482,355,0,13,87,0,0
230,4,0,185100,57872,10748,309004,0,0,0,0,426,357,0,12,88,0,0
231,1,0,185100,57872,10756,308996,0,0,0,16,513,379,0,15,85,0,0
232,1,0,185100,57872,10756,309008,0,0,0,0,541,336,0,15,85,0,0
233,0,0,185100,57872,10756,309012,0,0,0,0,581,391,0,18,82,0,0
234,0,0,185100,57872,10756,309012,0,0,0,0,676,373,0,23,77,0,0
235,3,0,185100,57872,10756,309016,0,0,0,0,672,357,0,22,78,0,0
236,0,0,185100,57872,10764,309012,0,0,0,16,806,377,0,29,71,0,0
237,1,0,185100,57872,10764,309020,0,0,0,0,453,335,0,13,87,0,0
238,1,0,185100,57872,10764,309024,0,0,0,0,717,380,0,22,78,0,0
239,0,0,185100,57872,10764,309024,0,0,0,0,540,347,0,16,84,0,0
240,1,0,185100,57872,10764,309028,0,0,0,0,699,345,0,23,77,0,0
241,0,0,185100,57872,10764,309028,0,0,0,0,493,360,0,14,86,0,0
242,0,0,185100,57872,10772,309032,0,0,0,16,889,407,0,32,67,1,0
243,1,0,185100,57872,10772,309036,0,0,0,0,620,363,0,20,80,0,0
244,0,0,185100,57872,10772,309036,0,0,0,0,643,371,0,21,79,0,0
245,0,0,185100,57872,10772,309040,0,0,0,0,485,337,0,13,88,0,0
246,0,0,185100,57872,10772,309040,0,0,0,0,541,335,0,16,84,0,0
247,0,0,185100,57872,10780,309044,0,0,0,92,828,410,0,27,73,0,0
248,0,0,185100,57872,10780,309048,0,0,0,0,509,347,0,14,86,0,0
249,0,0,185100,57872,10780,309048,0,0,0,0,615,348,0,20,80,0,0
250,0,0,185100,57872,10780,309052,0,0,0,0,444,344,0,11,89,0,0
251,0,0,185100,57872,10780,309056,0,0,0,0,535,350,0,15,85,0,0
252,0,0,185100,57872,10792,309060,0,0,0,52,462,366,0,11,89,0,0
253,0,0,185100,57872,10792,309064,0,0,0,0,539,370,0,16,84,0,0
254,0,0,185100,57872,10792,309064,0,0,0,0,503,351,0,15,85,0,0
255,1,0,185100,57872,10800,309068,0,0,0,44,391,346,0,8,92,0,0
256,0,0,185100,57872,10800,309068,0,0,0,0,936,375,0,35,65,0,0
257,0,0,185100,57872,10816,309104,0,0,24,112,546,731,2,14,84,0,0
258,0,0,185100,57872,10816,309104,0,0,0,0,400,361,0,9,91,0,0
259,0,0,185100,57872,10816,309108,0,0,0,0,633,352,0,20,80,0,0
260,0,0,185100,57872,10816,309108,0,0,0,0,1009,432,0,38,63,0,0
261,0,0,185100,57872,10816,309112,0,0,0,0,355,346,0,6,94,0,0
262,1,0,185100,57872,10824,309108,0,0,0,36,665,370,0,21,79,0,0
263,0,0,185100,57872,10824,309116,0,0,0,0,381,349,0,8,92,0,0
264,0,0,185100,57872,10824,309120,0,0,0,0,635,327,0,21,79,0,0
265,0,0,186644,66832,10440,304872,0,1584,0,1584,1016,425,0,36,64,0,0
266,0,0,186644,66832,10440,304872,0,0,0,0,663,362,0,21,79,0,0
267,1,0,186644,66832,10448,304960,0,0,88,24,836,446,0,29,71,0,0
268,0,0,186644,66832,10448,304960,0,0,0,804,1051,407,0,38,62,0,0
269,1,0,186644,66832,10448,304964,0,0,0,0,355,340,0,7,93,0,0
270,0,0,186644,66832,10448,304964,0,0,0,0,508,359,0,14,86,0,0
271,1,0,186644,66832,10448,304968,0,0,0,0,696,362,0,23,77,0,0
272,0,0,186644,66832,10460,304960,0,0,0,56,586,359,0,18,81,1,0
273,0,0,186644,66832,10460,304972,0,0,0,0,650,337,0,21,79,0,0
274,0,0,186644,66832,10460,304976,0,0,0,0,1010,390,0,28,72,0,0
275,0,0,186644,66832,10460,304980,0,0,0,0,403,338,0,7,93,0,0
276,1,0,186644,66832,10460,304980,0,0,0,0,702,350,0,22,78,0,0
277,0,0,186644,66832,10468,304984,0,0,0,16,619,343,0,21,79,0,0
278,0,0,186644,66832,10468,304984,0,0,0,0,764,371,0,26,74,0,0
279,0,0,186644,66832,10468,304988,0,0,0,0,565,343,0,18,82,0,0
280,0,0,186644,66832,10468,304988,0,0,0,0,892,400,0,31,69,0,0
281,1,0,186644,66832,10468,304992,0,0,0,0,814,375,0,30,70,0,0
282,1,0,186644,66832,10476,304984,0,0,0,16,554,369,0,17,83,0,0
283,0,0,186644,66832,10476,304996,0,0,0,0,673,384,0,22,78,0,0
284,0,0,186644,66832,10476,305000,0,0,0,0,542,341,0,16,84,0,0
285,0,0,186644,66832,10476,305000,0,0,0,0,487,358,0,13,87,0,0
286,0,0,186644,66832,10476,305004,0,0,0,0,376,343,0,8,92,0,0
287,1,0,186644,66832,10476,305004,0,0,0,0,791,373,0,26,74,0,0
288,0,0,186644,66832,10484,305008,0,0,0,100,664,370,0,22,78,0,0
289,0,0,186644,66832,10484,305012,0,0,0,0,475,348,0,14,86,0,0
290,0,0,186644,66832,10484,305012,0,0,0,0,551,351,0,16,84,0,0
291,0,0,186644,66832,10484,305016,0,0,0,0,544,337,0,17,83,0,0
292,0,0,186644,66832,10484,305020,0,0,0,0,975,382,0,36,64,0,0
293,0,0,186644,66832,10496,305020,0,0,0,32,806,373,0,29,71,0,0
294,0,0,186644,66832,10496,305024,0,0,0,0,640,385,0,20,80,0,0
295,0,0,186644,66832,10496,305024,0,0,0,0,581,336,0,18,82,0,0
296,0,0,186644,66832,10504,305028,0,0,0,44,598,400,0,16,84,0,0
297,1,0,186644,66832,10504,305028,0,0,0,0,577,336,0,18,82,0,0
298,0,0,186644,66832,10504,305032,0,0,0,0,797,393,0,29,71,0,0
299,0,0,186644,66832,10504,305032,0,0,0,0,380,328,0,8,92,0,0
300,1,0,186644,66832,10504,305036,0,0,0,0,528,374,0,15,85,0,0
301,0,0,186644,66832,10512,305032,0,0,0,48,577,358,0,17,83,0,0
302,0,0,186644,66832,10512,305044,0,0,0,0,787,366,0,29,71,0,0
303,1,0,186644,66832,10512,305048,0,0,0,0,945,402,0,34,66,0,0
304,2,0,186644,66832,10512,305048,0,0,0,0,682,753,13,33,55,0,0
305,4,0,186644,66832,10512,305052,0,0,0,0,1125,667,28,64,8,0,0
306,3,0,186644,66832,10520,305048,0,0,0,16,1342,668,27,71,1,0,0
307,2,0,186644,66832,10520,305056,0,0,0,0,1114,624,33,65,1,0,0
308,2,0,186644,66832,10520,305060,0,0,0,0,1397,592,27,72,1,0,0
309,3,0,186644,66832,10520,305448,0,0,412,0,1347,561,24,75,1,0,0
310,2,0,186644,66832,10520,305472,0,0,0,0,1428,567,22,77,1,0,0
311,5,0,186644,66160,10528,305468,0,0,0,16,1590,617,19,80,1,0,0
312,2,0,186644,66160,10528,305476,0,0,0,0,1391,615,13,61,26,0,0
313,0,0,186644,66160,10528,305480,0,0,0,0,1401,595,7,59,35,0,0
314,4,0,186644,66160,10536,305472,0,0,0,28,1580,1601,9,68,23,0,0
315,0,0,186644,65712,10536,305488,0,0,0,0,1700,459,0,67,33,0,0
316,3,0,186644,65712,10536,305492,0,0,0,0,1444,446,0,57,43,0,0
317,2,0,186644,65712,10536,305496,0,0,0,0,1961,479,0,83,17,0,0
318,3,0,186644,65712,10536,305496,0,0,0,0,1193,442,0,46,54,0,0
319,0,0,186644,65040,10548,305500,0,0,0,128,2189,528,0,89,11,0,0
320,1,0,186644,65040,10548,305500,0,0,0,0,1411,421,0,59,40,1,0
321,3,0,186644,65040,10548,305504,0,0,0,0,1919,481,0,84,16,0,0
322,1,0,186644,64592,10548,305508,0,0,0,0,1423,401,0,63,37,0,0
323,2,0,186644,64592,10548,305508,0,0,0,0,1361,440,0,53,47,0,0
324,1,0,186644,61880,10556,305512,0,0,0,64,962,395,0,52,48,0,0
325,1,0,186644,61880,10556,305512,0,0,0,0,1175,382,0,45,55,0,0
326,0,0,186644,61880,10556,305516,0,0,0,0,1523,432,0,61,39,0,0
327,2,0,186644,61880,10556,305516,0,0,0,0,1021,362,0,43,57,0,0
328,0,0,186644,61880,10556,305520,0,0,0,0,1414,415,0,63,37,0,0
329,7,0,186644,61880,10564,305512,0,0,0,16,1984,470,0,89,11,0,0
330,8,0,186644,61880,10564,305524,0,0,0,0,2425,560,0,100,0,0,0
331,0,0,186644,61880,10564,305528,0,0,0,0,1515,503,0,58,42,0,0
332,0,0,186644,61880,10564,305532,0,0,0,0,1274,407,0,57,43,0,0
333,3,0,186644,61880,10564,305532,0,0,0,0,1587,462,0,66,34,0,0
334,7,0,186644,61880,10572,305524,0,0,0,16,1880,476,0,79,21,0,0
335,3,0,186644,61880,10572,305536,0,0,0,0,1308,439,0,51,49,0,0
336,0,0,186644,61880,10572,305540,0,0,0,0,1550,447,0,64,36,0,0
337,1,0,186644,61880,10572,305540,0,0,0,0,588,331,0,20,80,0,0
338,1,0,186644,61880,10572,305544,0,0,0,0,1716,510,0,67,33,0,0
339,0,0,186644,61880,10580,305536,0,0,0,16,896,358,0,34,66,0,0
340,1,0,186644,61880,10580,305548,0,0,0,0,1102,407,0,39,61,0,0
341,0,0,186644,61880,10580,305552,0,0,0,0,1128,416,0,60,40,0,0
342,2,0,186644,61880,10580,305552,0,0,0,0,860,402,0,33,67,0,0
343,4,0,186644,61880,10580,305556,0,0,0,0,1358,438,0,53,47,0,0
344,3,0,186644,61880,10588,305560,0,0,0,208,1221,435,0,47,53,0,0
345,4,0,186644,61880,10588,305560,0,0,0,0,1591,465,0,63,37,0,0
346,0,0,186644,61880,10588,305564,0,0,0,0,1331,418,0,53,47,0,0
347,5,0,186644,61880,10588,305564,0,0,0,0,1762,472,0,69,31,0,0
348,0,0,186644,61880,10588,305568,0,0,0,0,1198,408,0,44,56,0,0
349,0,0,186644,61880,10596,305572,0,0,0,104,1629,456,0,63,37,0,0
350,0,0,186644,61880,10596,305572,0,0,0,0,1888,490,0,75,25,0,0
351,0,0,186644,61880,10596,305576,0,0,0,0,1164,424,0,45,55,0,0
352,0,0,186644,61880,10596,305580,0,0,0,0,999,400,0,37,63,0,0
353,1,0,186644,61880,10596,305584,0,0,0,0,1551,456,0,59,41,0,0
354,5,0,186644,61880,10608,305572,0,0,0,32,1750,470,0,69,31,0,0
355,0,0,186644,61880,10608,305588,0,0,0,24,1390,438,0,56,44,0,0
356,0,0,186644,61880,10608,305592,0,0,0,0,1670,528,0,67,33,0,0
357,0,0,186644,61880,10608,305592,0,0,0,0,1309,366,0,48,52,0,0
358,1,0,186644,61880,10608,305596,0,0,0,0,1356,431,0,49,51,0,0
359,0,0,186644,61880,10620,305600,0,0,0,32,1148,415,0,57,43,0,0
360,0,0,186644,61880,10620,305600,0,0,0,0,1224,436,0,46,54,0,0
361,0,0,186644,61880,10620,305604,0,0,0,0,1040,360,0,37,63,0,0
362,1,0,186644,61880,10620,305604,0,0,0,0,735,374,0,22,78,0,0
363,1,0,186644,61880,10620,305608,0,0,0,0,1551,432,0,57,43,0,0
364,1,0,186644,61880,10628,305600,0,0,0,16,1031,430,0,58,42,0,0
365,4,0,186644,61880,10628,305612,0,0,0,0,2819,576,1,99,0,0,0
366,6,0,186644,61880,10628,305612,0,0,0,0,2485,505,0,84,16,0,0
367,1,0,186644,61880,10628,305616,0,0,0,0,1418,456,0,53,47,0,0
368,0,0,186644,61880,10628,305620,0,0,0,0,1160,407,0,46,54,0,0
369,0,0,186644,61880,10636,305620,0,0,0,16,1150,407,0,45,55,0,0
370,0,0,186644,61880,10636,305624,0,0,0,0,1085,417,0,42,58,0,0
371,2,0,186644,61880,10636,305624,0,0,0,0,1299,411,0,54,46,0,0
372,3,0,186644,61880,10636,305628,0,0,0,0,1144,426,0,44,56,0,0
373,1,0,186644,61880,10636,305632,0,0,0,0,1507,379,0,62,38,0,0
374,5,0,186644,61880,10636,305632,0,0,0,0,1785,460,0,71,29,0,0
375,0,0,186644,61880,10644,305636,0,0,0,16,1391,428,0,55,45,0,0
376,4,0,186644,61880,10644,305636,0,0,0,0,1797,474,0,69,31,0,0
377,0,0,186644,61880,10644,305640,0,0,0,0,1562,447,1,62,37,0,0
378,1,0,186644,61880,10644,305644,0,0,0,0,1574,455,0,64,36,0,0
379,1,0,186644,61208,10644,305644,0,0,0,0,985,386,0,46,54,0,0
380,3,0,186644,61208,10652,305648,0,0,0,92,1656,496,0,64,36,0,0
381,0,0,186644,61208,10652,305648,0,0,0,0,1529,424,0,56,44,0,0
382,1,0,186644,61208,10652,305652,0,0,0,0,1389,378,0,53,47,0,0
383,3,0,186644,61208,10652,305656,0,0,0,0,2239,511,0,79,21,0,0
384,1,0,186644,61208,10652,305656,0,0,0,0,2067,431,0,73,27,0,0
385,5,0,186644,61208,10664,305660,0,0,0,36,1634,429,0,60,40,0,0
386,0,0,186644,61208,10664,305660,0,0,0,0,2376,499,0,86,14,0,0
387,1,0,186644,61208,10664,305664,0,0,0,0,1299,418,0,48,52,0,0
388,2,0,186644,61208,10664,305664,0,0,0,0,2364,511,0,87,13,0,0
389,1,0,186644,61208,10664,305668,0,0,0,0,1586,440,0,59,41,0,0
390,1,0,186644,61208,10672,305672,0,0,0,40,1926,475,0,74,26,0,0
391,1,0,186644,61208,10672,305672,0,0,0,0,1810,444,0,69,31,0,0
392,0,0,186644,61208,10672,305676,0,0,0,0,1264,438,0,53,47,0,0
393,1,0,186644,61208,10672,305680,0,0,0,0,1218,351,0,45,55,0,0
394,0,0,186644,61208,10672,305680,0,0,0,0,1412,434,0,53,47,0,0
395,0,0,186644,61208,10680,305684,0,0,0,16,1065,384,0,39,61,0,0
396,3,0,186644,61208,10680,305684,0,0,0,0,1584,436,0,59,41,0,0
397,0,0,186644,61208,10680,305688,0,0,0,0,2004,473,0,77,23,0,0
398,4,0,186644,61208,10680,305692,0,0,0,0,1317,426,0,49,51,0,0
399,2,0,186644,61208,10680,305692,0,0,0,0,2120,476,0,79,21,0,0
400,2,0,186644,58520,10688,305696,0,0,0,16,833,482,0,56,43,1,0
401,1,0,186644,58520,10688,305696,0,0,0,0,1509,444,0,56,44,0,0
402,1,0,186644,58520,10688,305700,0,0,0,0,1112,356,0,45,55,0,0
403,4,0,186644,58520,10688,305704,0,0,0,0,2126,498,0,82,18,0,0
404,1,0,186644,58520,10688,305708,0,0,0,0,1376,414,0,51,49,0,0
405,2,0,186644,58520,10696,305712,0,0,0,16,1626,417,0,62,38,0,0
406,0,0,186644,58520,10696,305712,0,0,0,0,1749,462,0,67,33,0,0
407,2,0,186644,58520,10696,305716,0,0,0,0,1379,413,0,50,50,0,0
408,8,0,186644,58520,10696,305716,0,0,0,0,1976,446,0,73,27,0,0
409,2,0,186644,58520,10696,305720,0,0,0,0,2669,543,0,94,6,0,0
410,1,0,186644,58520,10704,305724,0,0,0,16,1998,482,0,77,23,0,0
411,1,0,186644,58520,10704,305724,0,0,0,76,1526,379,0,58,42,0,0
412,6,0,186644,58520,10704,305728,0,0,0,0,2468,543,0,94,6,0,0
413,0,0,186644,58520,10704,305728,0,0,0,0,1947,469,0,73,27,0,0
414,4,0,186644,58520,10704,305732,0,0,0,0,2001,461,0,77,23,0,0
415,0,0,186644,58520,10716,305736,0,0,0,32,1938,494,0,72,28,0,0
416,4,0,186644,58520,10716,305736,0,0,0,8,1252,416,0,45,55,0,0
417,1,0,186644,58520,10716,305740,0,0,0,0,1523,437,0,55,45,0,0
418,3,0,186644,58520,10716,305740,0,0,0,0,1947,415,0,76,24,0,0
419,6,0,186644,58520,10716,305744,0,0,0,0,2129,472,0,79,21,0,0
420,1,0,186644,58520,10728,305748,0,0,0,32,2445,536,0,88,12,0,0
421,4,0,186644,58520,10728,305748,0,0,0,0,1951,477,0,74,26,0,0
422,0,0,186644,58520,10728,305752,0,0,0,0,1070,385,0,38,62,0,0
423,1,0,186644,58520,10728,305752,0,0,0,0,937,408,0,32,68,0,0
424,2,0,186644,58520,10728,305756,0,0,0,0,1927,441,0,75,25,0,0
425,3,0,186644,58520,10736,305760,0,0,0,16,2156,495,0,79,21,0,0
426,2,0,186644,58520,10736,305760,0,0,0,64,1380,420,0,52,48,0,0
427,4,0,186644,58520,10736,305764,0,0,0,0,2174,496,0,81,19,0,0
428,3,0,186644,58520,10736,305764,0,0,0,0,2574,531,0,91,9,0,0
429,3,0,186644,58520,10736,305768,0,0,0,0,860,365,0,30,70,0,0
430,7,0,186644,58520,10748,305768,0,0,0,32,1837,506,0,69,31,0,0
431,0,0,186644,58520,10748,305772,0,0,0,0,1770,452,0,68,32,0,0
432,2,0,186644,58520,10748,305776,0,0,0,0,1801,468,0,69,31,0,0
433,1,0,186644,58520,10748,305776,0,0,0,0,1617,406,0,61,39,0,0
434,2,0,186644,58520,10748,305780,0,0,0,0,1948,464,0,77,23,0,0
435,0,0,186644,58520,10756,305784,0,0,0,16,1355,448,0,51,49,0,0
436,1,0,186644,58520,10756,305784,0,0,0,32,1457,426,0,56,44,0,0
437,1,0,186644,58520,10756,305784,0,0,0,0,1728,480,0,67,33,0,0
438,2,0,186644,58520,10756,305788,0,0,0,0,1380,404,0,52,48,0,0
439,0,0,186644,58520,10756,305792,0,0,0,0,1026,413,0,36,64,0,0
440,1,0,186644,58520,10768,305792,0,0,0,32,1169,391,0,43,57,0,0
441,5,0,186644,58520,10768,305796,0,0,0,0,1739,452,0,66,34,0,0
442,1,0,186644,58520,10768,305800,0,0,0,0,1856,492,0,75,25,0,0
443,0,0,186644,58520,10768,305800,0,0,0,0,1875,493,0,75,25,0,0
444,0,0,186644,58520,10768,305800,0,0,0,0,1188,393,0,43,57,0,0
445,2,0,186644,58520,10776,305804,0,0,0,16,1278,412,0,49,51,0,0
446,1,0,186644,58520,10776,305808,0,0,0,0,1184,450,0,56,44,0,0
447,4,0,186644,58520,10776,305808,0,0,0,0,2106,425,0,77,23,0,0
448,6,0,186644,58520,10776,305812,0,0,0,0,2383,493,0,90,10,0,0
449,1,0,186644,58520,10776,305816,0,0,0,0,2593,553,0,91,9,0,0
450,2,0,186644,58520,10784,305808,0,0,0,16,1609,465,0,61,39,0,0
451,0,0,186644,58520,10784,305820,0,0,0,0,1791,431,0,68,32,0,0
452,3,0,186644,58520,10784,305820,0,0,0,0,1248,414,0,48,52,0,0
453,0,0,186644,58520,10784,305824,0,0,0,0,1392,407,0,52,48,0,0
454,3,0,186644,58520,10784,305832,0,0,0,0,1245,433,0,47,53,0,0
455,1,0,186644,58520,10792,305824,0,0,0,16,1626,460,0,64,36,0,0
456,1,0,186644,58520,10792,305836,0,0,0,0,1777,458,0,70,30,0,0
457,1,0,186644,58520,10792,305840,0,0,0,0,2022,464,0,82,18,0,0
458,0,0,186644,58520,10792,305840,0,0,0,0,1949,489,0,78,22,0,0
459,0,0,186644,58520,10792,305844,0,0,0,0,2056,499,0,84,16,0,0
460,1,0,186644,58520,10800,305844,0,0,0,16,1235,409,0,48,52,0,0
461,0,0,186644,58520,10800,305848,0,0,0,0,1084,390,0,43,57,0,0
462,5,0,186644,58520,10800,305848,0,0,0,0,1636,465,0,69,31,0,0
463,2,0,186644,58520,10800,305852,0,0,0,0,1598,436,0,70,30,0,0
464,1,0,186644,58520,10800,305856,0,0,0,0,1536,447,0,66,34,0,0
465,4,0,186644,58520,10808,305856,0,0,0,16,1899,472,0,81,19,0,0
466,0,0,186644,58520,10808,305860,0,0,0,0,2033,515,0,89,11,0,0
467,2,0,186644,58520,10808,305860,0,0,0,84,1389,419,0,60,40,0,0
468,1,0,186644,58520,10808,305864,0,0,0,0,752,399,0,28,72,0,0
469,0,0,186644,58520,10808,305868,0,0,0,0,1332,421,0,54,46,0,0
470,0,0,186644,58520,10820,305856,0,0,0,40,1555,465,0,67,33,0,0
471,0,0,186644,58520,10820,305872,0,0,0,0,1601,445,0,69,31,0,0
472,0,0,186644,58520,10820,305872,0,0,0,20,1007,416,0,39,61,0,0
473,5,0,186644,58520,10820,305876,0,0,0,0,1557,430,0,66,34,0,0
474,0,0,186644,58520,10820,305876,0,0,0,0,1085,443,0,43,57,0,0
475,3,0,186644,58520,10828,305880,0,0,0,16,1703,428,0,71,29,0,0
476,1,0,186644,58520,10828,305884,0,0,0,0,1430,411,0,61,39,0,0
477,2,0,186644,58520,10828,305884,0,0,0,0,1736,462,0,74,26,0,0
478,0,0,186644,58520,10828,305888,0,0,0,0,1411,416,0,59,41,0,0
479,0,0,186644,58520,10828,305892,0,0,0,0,1374,419,0,59,41,0,0
480,2,0,186644,58520,10836,305884,0,0,0,16,1575,459,0,67,33,0,0
481,2,0,186644,58520,10836,305896,0,0,0,0,1054,405,0,42,58,0,0
482,0,0,186644,58520,10836,305896,0,0,0,0,1126,422,0,45,55,0,0
483,2,0,186644,58520,10836,305900,0,0,0,0,1228,432,0,51,49,0,0
484,2,0,186644,58520,10836,305900,0,0,0,0,1740,474,0,76,24,0,0
485,0,0,186644,58520,10844,305904,0,0,0,16,1560,432,0,68,32,0,0
486,0,0,186644,58520,10844,305904,0,0,0,0,1135,407,0,46,54,0,0
487,0,0,186644,58520,10844,305908,0,0,0,0,1522,421,0,62,38,0,0
488,2,0,186644,58520,10844,305912,0,0,0,0,1547,485,0,67,33,0,0
489,2,0,186644,58520,10844,305912,0,0,0,0,1034,394,0,43,57,0,0
490,1,0,186644,58520,10844,305916,0,0,0,0,975,408,0,39,61,0,0
491,1,0,186644,58520,10852,305916,0,0,0,16,1316,423,0,60,40,0,0
492,2,0,186644,58520,10852,305920,0,0,0,0,1212,409,0,53,47,0,0
493,1,0,186644,58520,10852,305924,0,0,0,0,1423,430,0,61,39,0,0
494,2,0,186644,58520,10852,305924,0,0,0,0,1883,453,0,83,17,0,0
495,3,0,186644,58520,10852,305928,0,0,0,0,1973,516,0,90,10,0,0
496,0,0,186644,58520,10860,305932,0,0,0,16,1153,416,0,48,52,0,0
497,6,0,186644,58520,10860,305932,0,0,0,0,1874,519,1,83,16,0,0
498,1,0,186644,58520,10860,305932,0,0,0,80,2156,577,0,100,0,0,0
499,1,0,186644,58520,10860,305936,0,0,0,0,1228,458,0,53,47,0,0
500,1,0,186644,58520,10860,305940,0,0,0,0,1461,444,0,63,37,0,0
501,2,0,186644,58520,10872,305944,0,0,0,32,1777,490,0,79,20,1,0
502,1,0,186644,58520,10872,305944,0,0,0,0,1133,418,0,46,54,0,0
503,0,0,186644,58520,10872,305948,0,0,0,0,1113,409,0,46,54,0,0
504,0,0,186644,58520,10872,305952,0,0,0,0,1313,428,0,55,45,0,0
505,0,0,186644,58520,10872,305956,0,0,0,0,1497,438,0,63,37,0,0
506,0,0,186644,58520,10880,305960,0,0,0,16,1521,457,0,65,35,0,0
507,0,0,186644,58520,10880,305960,0,0,0,0,1320,402,0,54,46,0,0
508,3,0,186644,58520,10880,305964,0,0,0,52,1516,467,0,64,36,0,0
509,2,0,186644,58520,10880,305964,0,0,0,0,965,394,0,38,62,0,0
510,4,0,186644,58520,10880,305968,0,0,0,0,899,412,0,33,67,0,0
511,1,0,186644,58520,10892,305968,0,0,0,40,1738,496,0,74,26,0,0
512,1,0,186644,58520,10892,305972,0,0,0,0,1386,388,0,58,42,0,0
513,1,0,186644,58520,10892,305976,0,0,0,0,1733,453,0,74,26,0,0
514,0,0,186644,58520,10892,305976,0,0,0,0,1065,392,0,43,57,0,0
515,0,0,186644,58520,10892,305980,0,0,0,0,1852,506,0,80,20,0,0
516,0,0,186644,58520,10900,305984,0,0,0,16,1289,435,0,53,47,0,0
517,4,0,186644,58520,10900,305984,0,0,0,0,1238,433,0,51,49,0,0
518,0,0,186644,58520,10900,305988,0,0,0,0,1524,476,0,67,33,0,0
519,1,0,186644,58520,10900,305988,0,0,0,0,1467,421,0,63,37,0,0
520,1,0,186644,58520,10900,305992,0,0,0,0,843,399,0,32,68,0,0
521,3,0,186644,58520,10908,305992,0,0,0,16,1447,428,0,63,37,0,0
522,6,0,186644,58520,10908,305996,0,0,0,0,1755,452,0,78,22,0,0
523,0,0,186644,58520,10908,306000,0,0,0,0,1430,463,0,69,31,0,0
524,4,0,186644,58520,10908,306000,0,0,0,0,1311,411,0,55,45,0,0
525,0,0,186644,58520,10908,306004,0,0,0,0,1983,491,0,91,9,0,0
526,3,0,186644,58520,10916,306004,0,0,0,16,1317,474,0,57,43,0,0
527,2,0,186644,58520,10916,306008,0,0,0,0,1500,437,0,63,37,0,0
528,3,0,186644,58520,10916,306012,0,0,0,0,1431,429,0,62,38,0,0
529,0,0,186644,58520,10916,306012,0,0,0,0,1353,442,0,57,43,0,0
530,2,0,186644,58520,10916,306016,0,0,0,0,1020,420,0,41,59,0,0
531,1,0,186644,58520,10924,306016,0,0,0,16,1906,501,0,84,16,0,0
532,0,0,186644,58520,10924,306020,0,0,0,0,1124,388,0,48,52,0,0
533,0,0,186644,58520,10924,306024,0,0,0,0,1554,498,0,69,31,0,0
534,0,0,186644,58520,10924,306024,0,0,0,0,1269,396,0,57,43,0,0
535,2,0,186644,58520,10924,306028,0,0,0,0,1516,463,0,65,35,0,0
536,2,0,186644,58520,10932,306020,0,0,0,16,1329,438,0,59,41,0,0
537,1,0,186644,58520,10932,306032,0,0,0,0,960,403,0,37,63,0,0
538,1,0,186644,58520,10932,306036,0,0,0,0,1498,464,0,63,37,0,0
539,1,0,186644,58520,10932,306036,0,0,0,80,970,383,0,39,61,0,0
540,0,0,186644,58520,10932,306040,0,0,0,0,1296,422,0,55,45,0,0
541,0,0,186644,58520,10944,306040,0,0,0,32,1204,424,0,53,47,0,0
542,1,0,186644,58520,10944,306044,0,0,0,0,1469,483,0,64,36,0,0
543,0,0,186644,58520,10944,306048,0,0,0,0,1099,409,0,47,53,0,0
544,1,0,186644,58520,10944,306048,0,0,0,20,1592,465,0,71,29,0,0
545,0,0,186644,58520,10944,306052,0,0,0,0,1449,444,0,62,38,0,0
546,1,0,186644,58520,10952,306044,0,0,0,16,1091,409,0,45,54,1,0
547,2,0,186644,58520,10952,306056,0,0,0,0,689,381,0,26,74,0,0
548,0,0,186644,58520,10952,306056,0,0,0,0,1102,399,0,46,54,0,0
549,1,0,186644,58520,10952,306060,0,0,0,0,1067,401,0,43,57,0,0
550,0,0,186644,58520,10952,306064,0,0,0,0,1751,468,0,73,27,0,0
551,5,0,186644,58520,10960,306064,0,0,0,16,1322,443,0,67,33,0,0
552,0,0,186644,58520,10960,306064,0,0,0,0,977,383,0,40,60,0,0
553,4,0,186644,58520,10960,306068,0,0,0,0,1862,483,0,77,23,0,0
554,0,0,186644,58520,10960,306072,0,0,0,0,1600,461,0,69,31,0,0
555,0,0,186644,58520,10968,306080,0,0,0,44,1226,432,0,51,49,0,0
556,1,0,186644,58520,10968,306080,0,0,0,0,1025,396,0,42,58,0,0
557,4,0,187156,68120,10792,305200,0,540,900,1416,1520,955,1,65,34,0,0
558,1,0,187156,65632,10792,305200,0,0,0,0,1701,515,0,79,21,0,0
559,2,0,187156,65632,10792,305204,0,0,0,0,1027,374,0,42,58,0,0
560,0,0,187156,65632,10792,305208,0,0,0,0,1218,452,0,49,51,0,0
561,0,0,187156,65632,10792,305208,0,0,0,0,1567,417,0,65,35,0,0
562,2,0,187156,65632,10804,305212,0,0,0,64,1435,485,0,61,39,0,0
563,0,0,187156,65632,10804,305212,0,0,0,0,1591,479,0,68,32,0,0
564,0,0,187156,65632,10804,305216,0,0,0,0,1624,473,0,66,34,0,0
565,9,0,187156,65408,10804,305216,0,0,0,0,1741,436,0,74,26,0,0
566,3,0,187156,65408,10804,305220,0,0,0,0,1740,508,0,77,23,0,0
567,1,0,187156,65408,10812,305444,0,0,224,24,1457,533,0,72,28,0,0
568,0,0,187156,65408,10812,305444,0,0,0,0,1159,428,0,55,45,0,0
569,4,0,187156,65408,10812,305448,0,0,0,0,1271,438,0,57,43,0,0
570,2,0,187156,65408,10812,305448,0,0,0,0,1201,434,0,56,44,0,0
571,1,0,187156,65408,10812,305452,0,0,0,0,1121,430,0,51,49,0,0
572,0,0,187156,65408,10820,305444,0,0,0,24,745,386,0,31,69,0,0
573,3,0,187156,65408,10820,305456,0,0,0,0,1531,464,0,63,37,0,0
574,1,0,187156,65408,10820,305460,0,0,0,0,1542,459,0,64,36,0,0
575,3,0,187156,65408,10820,305460,0,0,0,0,1725,459,0,74,26,0,0
576,3,0,187156,65408,10820,305464,0,0,0,0,1962,474,0,84,16,0,0
577,2,0,187156,65408,10828,305456,0,0,0,16,731,362,0,27,73,0,0
578,3,0,187156,65408,10828,305468,0,0,0,0,1702,457,0,69,31,0,0
579,1,0,187156,65408,10828,305468,0,0,0,0,1596,406,0,69,31,0,0
580,2,0,187156,65408,10828,305472,0,0,0,0,1615,454,0,68,32,0,0
581,0,0,187156,65408,10828,305476,0,0,0,0,1435,401,0,60,40,0,0
582,3,0,187156,65408,10836,305468,0,0,0,16,2156,540,0,94,6,0,0
583,3,0,187156,65408,10836,305480,0,0,0,0,1571,463,0,66,34,0,0
584,1,0,187156,65408,10836,305484,0,0,0,0,1454,412,0,61,39,0,0
585,0,0,187156,65408,10836,305484,0,0,0,0,1616,440,0,66,34,0,0
586,4,0,187156,65408,10836,305488,0,0,0,0,1248,400,0,49,51,0,0
587,0,0,187156,65408,10844,305492,0,0,0,16,2023,533,0,85,15,0,0
588,0,0,187156,65408,10844,305492,0,0,0,220,1136,394,0,45,55,0,0
589,0,0,187156,65408,10844,305496,0,0,0,0,1440,448,0,61,39,0,0
590,0,0,187156,65408,10844,305496,0,0,0,0,1549,441,0,67,33,0,0
591,3,0,187156,65408,10844,305500,0,0,0,0,1097,424,0,44,56,0,0
592,0,0,187156,65408,10856,305488,0,0,0,32,1314,449,0,56,44,0,0
593,2,0,187156,65408,10856,305504,0,0,0,44,1682,479,0,72,28,0,0
594,2,0,187156,65408,10856,305508,0,0,0,0,2002,471,0,92,8,0,0
595,3,0,187156,65408,10856,305508,0,0,0,0,987,369,0,40,60,0,0
596,1,0,187156,65408,10856,305512,0,0,0,0,1517,457,0,67,33,0,0
597,1,0,187156,65408,10856,305512,0,0,0,0,1178,398,0,51,49,0,0
598,1,0,187156,65408,10864,305516,0,0,0,20,1647,480,0,73,27,0,0
599,0,0,187156,65408,10864,305516,0,0,0,0,577,326,0,19,81,0,0
600,3,0,187156,65408,10864,305520,0,0,0,0,1672,495,0,85,15,0,0
601,0,0,187156,65408,10864,305524,0,0,0,0,1425,425,0,69,31,0,0
602,0,0,187156,65408,10864,305528,0,0,0,0,978,413,0,40,60,0,0
603,1,0,187156,65408,10872,305528,0,0,0,16,1087,401,0,43,57,0,0
604,1,0,187156,65408,10872,305528,0,0,0,0,1393,410,0,58,42,0,0
605,1,0,187156,65408,10872,305536,0,0,0,0,1029,391,0,40,60,0,0
606,1,0,187156,65408,10872,305536,0,0,0,0,1369,421,0,57,43,0,0
607,1,0,187156,65408,10872,305540,0,0,0,0,1732,469,0,74,26,0,0
608,0,0,187156,65408,10884,305972,0,0,464,16,1087,382,0,43,56,1,0
609,2,0,187156,65408,10884,306004,0,0,0,0,1339,383,0,53,47,0,0
610,1,0,187156,65408,10884,306008,0,0,0,0,1328,421,0,54,46,0,0
611,0,0,187156,65408,10884,306012,0,0,0,0,1505,430,0,62,38,0,0
612,2,0,187156,65408,10884,306012,0,0,0,0,1159,408,0,45,55,0,0
613,3,0,187156,65408,10892,306016,0,0,0,20,1585,473,0,65,35,0,0
614,4,0,187156,65408,10892,306016,0,0,0,0,1672,476,0,71,29,0,0
615,0,0,187156,65408,10892,306020,0,0,0,0,1541,419,0,65,35,0,0
616,4,0,187156,65408,10892,306024,0,0,0,0,866,369,0,32,68,0,0
617,4,0,187156,65408,10892,306024,0,0,0,0,1679,491,0,71,29,0,0
618,1,0,187156,65408,10900,306028,0,0,0,16,1584,483,0,67,33,0,0
619,4,0,187156,65408,10900,306028,0,0,0,84,1633,423,0,69,31,0,0
620,0,0,187156,65408,10900,306032,0,0,0,0,1144,395,0,47,53,0,0
621,1,0,187156,65408,10900,306036,0,0,0,0,1270,390,0,51,49,0,0
622,2,0,187156,65408,10900,306040,0,0,0,0,1494,413,0,62,38,0,0
623,0,0,187156,65408,10912,306040,0,0,0,40,1288,428,0,52,48,0,0
624,1,0,187156,65408,10912,306044,0,0,0,0,1744,462,0,73,27,0,0
625,0,0,187156,65408,10912,306044,0,0,0,0,1354,393,0,55,45,0,0
626,2,0,187156,65408,10912,306048,0,0,0,0,1375,417,0,56,44,0,0
627,0,0,187156,65408,10912,306052,0,0,0,0,1248,401,0,51,49,0,0
628,2,0,187156,65408,10920,306052,0,0,0,16,1183,405,0,46,54,0,0
629,1,0,187156,65408,10920,306056,0,0,0,24,1663,437,0,70,30,0,0
630,2,0,187156,65408,10920,306056,0,0,0,0,1518,426,0,64,36,0,0
631,1,0,187156,65408,10920,306060,0,0,0,0,1694,443,0,70,30,0,0
632,0,0,187156,65408,10920,306060,0,0,0,0,1156,370,0,46,54,0,0
633,2,0,187156,65408,10928,306064,0,0,0,16,1182,408,0,48,52,0,0
634,0,0,187156,65408,10928,306068,0,0,0,0,1478,440,0,60,40,0,0
635,1,0,187156,65408,10928,306068,0,0,0,0,1558,445,0,66,34,0,0
636,1,0,187156,65408,10928,306072,0,0,0,0,1748,487,0,74,26,0,0
637,2,0,187156,65408,10928,306072,0,0,0,0,1879,468,0,82,18,0,0
638,2,0,187156,65408,10936,306076,0,0,0,16,1522,433,0,63,37,0,0
639,0,0,187156,65408,10936,306080,0,0,0,0,839,356,0,32,68,0,0
640,1,0,187156,65408,10936,306080,0,0,0,0,1310,425,0,53,47,0,0
641,0,0,187156,65408,10936,306084,0,0,0,0,1281,375,1,52,47,0,0
642,1,0,187156,65408,10936,306084,0,0,0,0,1135,408,0,44,56,0,0
643,0,0,187156,65408,10944,306088,0,0,0,16,1201,420,0,48,52,0,0
644,1,0,187156,65408,10944,306092,0,0,0,0,1448,449,0,60,40,0,0
645,5,0,187156,65408,10944,306092,0,0,0,0,1602,438,0,66,34,0,0
646,5,0,187156,65408,10944,306096,0,0,0,0,1905,478,0,82,18,0,0
647,3,0,187156,65408,10944,306096,0,0,0,0,1302,418,0,54,46,0,0
648,0,0,187156,65408,10952,306100,0,0,0,16,1191,387,0,47,53,0,0
649,2,0,187156,65408,10952,306100,0,0,0,80,1310,403,0,54,46,0,0
650,1,0,187156,65408,10952,306104,0,0,0,0,1360,397,0,56,44,0,0
651,1,0,187156,65408,10952,306108,0,0,0,0,1795,457,0,76,24,0,0
652,1,0,187156,65408,10952,306108,0,0,0,0,2111,515,0,91,9,0,0
653,3,0,187156,65408,10964,306100,0,0,0,36,1608,470,0,67,33,0,0
654,1,0,187156,65408,10964,306116,0,0,0,4,1749,450,0,74,26,0,0
655,6,0,187156,65408,10964,306116,0,0,0,0,1699,440,0,72,28,0,0
656,2,0,187156,65408,10964,306120,0,0,0,0,1859,523,0,80,20,0,0
657,0,0,187156,65408,10964,306124,0,0,0,0,1357,393,0,56,44,0,0
658,6,0,187156,65408,10972,306120,0,0,0,16,1521,451,0,61,39,0,0
659,0,0,187156,65408,10972,306132,0,0,0,0,1627,496,0,69,31,0,0
660,1,0,187156,65408,10972,306132,0,0,0,0,1600,430,0,66,34,0,0
661,0,0,187156,65408,10972,306136,0,0,0,0,1934,456,0,82,18,0,0
662,4,0,187156,65408,10972,306136,0,0,0,0,1171,400,0,47,53,0,0
663,1,0,187156,65408,10980,306140,0,0,0,16,1465,469,0,61,39,0,0
664,1,0,187156,65408,10980,306140,0,0,0,0,1457,422,0,64,36,0,0
665,4,0,187156,65408,10980,306144,0,0,0,16,1397,408,0,61,39,0,0
666,0,0,187156,65408,10980,306148,0,0,0,0,1193,419,0,50,50,0,0
667,1,0,187156,65408,10980,306148,0,0,0,0,1308,399,0,54,46,0,0
668,1,0,187156,65408,10988,306152,0,0,0,16,1305,423,0,53,47,0,0
669,1,0,187156,65408,10988,306156,0,0,0,0,1022,387,0,40,60,0,0
670,0,0,187156,65408,10988,306156,0,0,0,0,1195,415,0,48,52,0,0
671,1,0,187156,65408,10988,306160,0,0,0,0,1369,426,0,57,43,0,0
672,0,0,187156,65408,10988,306160,0,0,0,0,1445,415,0,61,39,0,0
673,3,0,187156,65408,10996,306164,0,0,0,16,1535,430,0,63,37,0,0
674,0,0,187156,65408,10996,306164,0,0,0,0,1421,439,0,59,41,0,0
675,0,0,187156,65408,10996,306168,0,0,0,0,784,356,0,29,71,0,0
676,1,0,187156,65408,10996,306172,0,0,0,0,1714,434,0,72,28,0,0
677,0,0,187156,65408,10996,306172,0,0,0,0,1712,498,0,73,27,0,0
678,3,0,187156,65408,11004,306168,0,0,0,16,1770,474,0,75,25,0,0
679,1,0,187156,65408,11004,306176,0,0,0,0,1367,427,0,56,44,0,0
680,2,0,187156,65408,11004,306180,0,0,0,76,1720,468,0,72,28,0,0
681,0,0,187156,65408,11004,306184,0,0,0,0,1160,424,0,46,54,0,0
682,0,0,187156,65408,11004,306184,0,0,0,0,1011,351,0,39,61,0,0
683,1,0,187156,65408,11016,306188,0,0,0,32,1112,409,0,43,57,0,0
684,1,0,187156,65408,11016,306188,0,0,0,0,1441,371,0,60,40,0,0
685,1,0,187156,65408,11016,306192,0,0,0,8,1721,420,0,73,27,0,0
686,2,0,187156,65408,11016,306192,0,0,0,0,1121,393,0,45,55,0,0
687,0,0,187156,65408,11016,306196,0,0,0,0,1673,450,0,70,30,0,0
688,4,0,187156,65408,11024,306188,0,0,0,28,1365,402,0,55,45,0,0
689,1,0,187156,65408,11024,306200,0,0,0,0,1657,484,0,69,31,0,0
690,1,0,187156,65408,11024,306204,0,0,0,0,1345,424,0,54,46,0,0
691,4,0,187156,65408,11024,306204,0,0,0,0,1437,427,0,58,42,0,0
692,1,0,187156,65408,11024,306208,0,0,0,0,1211,422,0,49,51,0,0
693,2,0,187156,65408,11032,306212,0,0,0,16,1462,442,0,60,40,0,0
694,2,0,187156,65408,11032,306212,0,0,0,0,1002,396,0,38,62,0,0
695,2,0,187156,65408,11032,306212,0,0,0,64,1423,408,0,58,42,0,0
696,0,0,187156,65408,11032,306220,0,0,0,0,1376,407,0,55,45,0,0
697,0,0,187156,65408,11032,306220,0,0,0,0,1088,377,0,43,57,0,0
698,1,0,187156,65408,11032,306224,0,0,0,0,1596,447,0,65,35,0,0
699,0,0,187156,65408,11044,306224,0,0,0,32,1390,398,0,56,44,0,0
700,0,0,187156,65408,11044,306228,0,0,0,0,1431,386,0,58,42,0,0
701,0,0,187156,65408,11044,306228,0,0,0,0,1351,429,0,54,46,0,0
702,2,0,187156,65408,11044,306232,0,0,0,0,1168,394,0,47,53,0,0
703,2,0,187156,65408,11044,306232,0,0,0,0,1458,415,0,60,40,0,0
704,2,0,187156,65408,11052,306236,0,0,0,16,1331,401,0,54,46,0,0
705,2,0,187156,65408,11052,306240,0,0,0,0,1339,391,0,55,45,0,0
706,1,0,187156,65408,11052,306244,0,0,0,36,1171,381,0,45,55,0,0
707,1,0,187156,65408,11052,306248,0,0,0,0,1480,422,0,61,39,0,0
708,3,0,187156,65408,11052,306248,0,0,0,0,1949,449,0,83,17,0,0
709,1,0,187156,65408,11064,306252,0,0,0,40,1754,457,0,74,26,0,0
710,1,0,187156,65408,11064,306256,0,0,0,0,1473,463,0,61,39,0,0
711,0,0,187156,65408,11064,306256,0,0,0,0,1306,386,0,53,47,0,0
712,2,0,187156,65408,11064,306260,0,0,0,0,1343,458,0,56,44,0,0
713,4,0,187156,65408,11064,306260,0,0,0,0,1939,484,0,84,15,1,0
714,3,0,187156,65408,11072,306264,0,0,0,16,1855,532,0,81,19,0,0
715,1,0,187156,65408,11072,306268,0,0,0,0,1594,396,0,67,33,0,0
716,0,0,187156,65408,11072,306268,0,0,0,0,2058,483,0,87,13,0,0
717,0,0,187156,65408,11072,306272,0,0,0,0,1608,420,0,68,32,0,0
718,3,0,187156,65408,11072,306272,0,0,0,0,1485,433,0,62,38,0,0
719,2,0,187156,65408,11080,306276,0,0,0,16,1272,407,0,52,48,0,0
720,3,0,187156,65408,11080,306280,0,0,0,0,1330,401,1,53,46,0,0
721,3,0,187156,65408,11080,306280,0,0,0,0,1607,432,0,67,33,0,0
722,0,0,187156,65408,11080,306284,0,0,0,0,1213,402,0,50,50,0,0
723,0,0,187156,65408,11080,306288,0,0,0,0,1413,444,0,59,41,0,0
724,1,0,187156,65408,11088,306288,0,0,0,16,1924,469,0,83,17,0,0
725,3,0,187156,65408,11088,306292,0,0,0,0,1386,388,0,57,43,0,0
726,3,0,187156,65408,11088,306292,0,0,0,0,1880,481,0,81,19,0,0
727,0,0,187156,65408,11088,306296,0,0,0,0,1760,481,0,74,26,0,0
728,6,0,187156,65408,11088,306296,0,0,0,0,1740,438,0,73,27,0,0
729,4,0,187156,65408,11096,306300,0,0,0,16,1693,461,0,72,28,0,0
730,1,0,187156,65408,11096,306304,0,0,0,0,1806,521,0,76,24,0,0
731,1,0,187156,65408,11096,306304,0,0,0,0,1498,393,0,64,36,0,0
732,0,0,187156,65408,11096,306308,0,0,0,0,1456,419,0,60,40,0,0
733,0,0,187156,65408,11096,306312,0,0,0,0,1215,379,0,48,52,0,0
734,2,0,187156,65408,11104,306312,0,0,0,16,1390,419,0,58,42,0,0
735,0,0,187156,65408,11104,306316,0,0,0,0,1312,391,0,54,46,0,0
736,0,0,187156,65408,11104,306316,0,0,0,76,1751,438,0,75,25,0,0
737,1,0,187156,65408,11104,306320,0,0,0,0,1540,464,0,65,35,0,0
738,1,0,187156,65408,11104,306320,0,0,0,0,1555,437,0,66,34,0,0
739,1,0,187156,65408,11116,306324,0,0,0,32,1418,415,0,59,41,0,0
740,0,0,187156,65408,11116,306324,0,0,0,0,1417,399,0,59,41,0,0
741,5,0,187156,65408,11116,306328,0,0,0,24,1860,470,0,79,21,0,0
742,1,0,187156,65408,11116,306332,0,0,0,0,1779,517,0,77,23,0,0
743,6,0,187156,65408,11116,306332,0,0,0,0,1788,477,0,72,28,0,0
744,0,0,187156,64288,11124,306336,0,0,0,16,1500,524,0,63,37,0,0
745,0,0,187156,64288,11124,306336,0,0,0,0,958,373,0,36,64,0,0
746,0,0,187156,64288,11124,306340,0,0,0,0,1439,409,0,59,41,0,0
747,4,0,187156,64288,11124,306344,0,0,0,0,1580,425,0,64,36,0,0
748,4,0,187156,64288,11124,306344,0,0,0,0,2231,551,0,96,4,0,0
749,1,0,187156,64288,11132,306348,0,0,0,16,1207,404,0,50,50,0,0
750,0,0,187156,64288,11132,306352,0,0,0,0,1544,432,0,64,36,0,0
751,1,0,187156,64288,11132,306352,0,0,0,0,1112,377,0,44,56,0,0
752,0,0,187156,64288,11132,306356,0,0,0,44,757,371,0,27,73,0,0
753,0,0,187156,64288,11132,306356,0,0,0,0,1397,418,0,57,43,0,0
754,3,0,187156,64288,11144,306360,0,0,0,32,1884,502,0,79,21,0,0
755,0,0,187156,64288,11144,306364,0,0,0,0,1514,444,0,63,37,0,0
756,0,0,187156,64288,11144,306364,0,0,0,0,1314,406,0,53,47,0,0
757,0,0,187156,64288,11144,306368,0,0,0,0,1345,423,0,56,44,0,0
758,5,0,187156,64288,11144,306372,0,0,0,0,1392,416,0,57,43,0,0
759,1,0,187156,64288,11152,306376,0,0,0,16,1721,469,0,73,27,0,0
760,2,0,187156,64288,11152,306380,0,0,0,0,1355,425,0,56,44,0,0
761,1,0,187156,64288,11152,306380,0,0,0,0,1826,471,0,76,24,0,0
762,0,0,187156,64288,11152,306384,0,0,0,0,1701,488,0,71,29,0,0
763,0,0,187156,64288,11152,306384,0,0,0,0,1411,406,0,59,41,0,0
764,0,0,187156,64288,11160,306388,0,0,0,16,1372,419,0,56,44,0,0
765,1,0,187156,64288,11160,306388,0,0,0,0,987,383,0,39,61,0,0
766,0,0,187156,64288,11160,306392,0,0,0,0,1570,441,0,66,34,0,0
767,1,0,187156,64288,11160,306396,0,0,0,0,1133,427,0,45,55,0,0
768,2,0,187156,64036,11160,306444,0,0,48,0,1309,427,0,53,47,0,0
769,1,0,187156,64036,11168,306436,0,0,0,16,1486,445,0,65,35,0,0
770,1,0,187156,64036,11168,306448,0,0,0,0,1284,433,0,53,47,0,0
771,0,0,187156,64036,11168,306452,0,0,0,0,1776,490,0,77,23,0,0
772,0,0,187156,64036,11168,306456,0,0,0,0,1059,416,0,42,58,0,0
773,0,0,187156,64036,11168,306456,0,0,0,0,1438,449,0,60,40,0,0
774,2,0,187156,64036,11176,306460,0,0,0,16,1663,464,0,69,31,0,0
775,0,0,187156,64036,11176,306464,0,0,0,0,1562,460,0,66,34,0,0
776,3,0,187156,64036,11176,306464,0,0,0,0,1372,396,0,56,44,0,0
777,4,0,187156,64036,11176,306468,0,0,0,0,1627,462,0,68,32,0,0
778,2,0,187156,64036,11176,306468,0,0,0,0,978,392,0,39,61,0,0
779,3,0,187156,64036,11184,306472,0,0,0,16,1922,543,0,93,7,0,0
780,3,0,187156,64036,11184,306472,0,0,0,0,1732,471,0,85,15,0,0
781,1,0,187156,64036,11184,306476,0,0,0,0,1451,452,0,69,31,0,0
782,0,0,187156,64036,11184,306480,0,0,0,80,1327,423,0,61,39,0,0
783,4,0,187156,64036,11184,306480,0,0,0,0,1274,417,0,57,43,0,0
784,11,0,187156,61796,11196,306468,0,0,0,32,2115,731,0,100,0,0,0
785,7,0,187156,60452,11196,306484,0,0,0,0,2514,678,0,100,0,0,0
786,2,0,187156,60452,11196,306488,0,0,0,0,2270,624,0,88,12,0,0
787,1,0,187156,60452,11196,306492,0,0,0,16,1637,426,0,67,33,0,0
788,0,0,187156,60452,11196,306492,0,0,0,0,1066,432,0,42,58,0,0
789,0,0,187156,60452,11204,306496,0,0,0,28,1352,427,0,55,45,0,0
790,0,0,187156,60452,11204,306496,0,0,0,0,1190,394,0,47,53,0,0
791,1,0,187156,60452,11204,306496,0,0,0,0,1585,398,0,65,35,0,0
792,1,0,187156,60452,11204,306500,0,0,0,0,779,373,0,29,71,0,0
793,1,0,187156,60452,11204,306504,0,0,0,0,1387,448,0,56,44,0,0
794,1,0,187156,60452,11212,306496,0,0,0,16,1368,432,0,56,44,0,0
795,2,0,187156,60452,11212,306508,0,0,0,0,1893,505,0,78,22,0,0
796,0,0,187156,60452,11212,306512,0,0,0,0,1212,377,0,49,51,0,0
797,2,0,187156,60452,11212,306512,0,0,0,0,1679,479,0,66,34,0,0
798,0,0,187156,60452,11212,306516,0,0,0,52,1487,431,0,58,42,0,0
799,2,0,187156,60452,11224,306520,0,0,0,32,1626,457,0,64,35,1,0
800,1,0,187156,60452,11224,306520,0,0,0,0,1198,384,0,44,56,0,0
801,3,0,187156,60452,11224,306524,0,0,0,0,1751,427,0,70,30,0,0
802,1,0,187156,60452,11224,306524,0,0,0,0,1909,443,0,78,22,0,0
803,1,0,187156,60452,11224,306528,0,0,0,0,1765,444,0,70,30,0,0
804,2,0,187156,60452,11232,306520,0,0,0,16,1875,469,0,74,26,0,0
805,2,0,187156,60452,11232,306532,0,0,0,0,1113,395,0,42,58,0,0
806,4,0,187156,60452,11232,306532,0,0,0,0,1560,418,0,60,40,0,0
807,0,0,187156,60452,11232,306540,0,0,0,0,1702,384,0,67,33,0,0
808,0,0,187156,60452,11232,306544,0,0,0,36,1180,415,0,43,57,0,0
809,1,0,187156,60452,11244,306548,0,0,0,36,1688,397,0,62,38,0,0
810,4,0,187156,60452,11244,306548,0,0,0,0,2057,444,0,72,28,0,0
811,3,0,187156,60452,11244,306552,0,0,0,0,2337,531,0,88,12,0,0
812,0,0,187156,60452,11244,306552,0,0,0,0,2164,463,0,84,16,0,0
813,0,0,187156,60452,11244,306556,0,0,0,0,1233,391,0,43,57,0,0
814,0,0,187156,60452,11252,306548,0,0,0,16,1277,379,0,48,52,0,0
815,1,0,187156,60452,11252,306560,0,0,0,0,1740,421,0,69,31,0,0
816,0,0,187156,60452,11252,306564,0,0,0,0,1193,365,0,47,53,0,0
817,3,0,187156,60452,11252,306564,0,0,0,0,2297,524,0,79,21,0,0
818,0,0,187156,60452,11252,306568,0,0,0,0,1852,434,0,72,28,0,0
819,1,0,187156,60452,11260,306560,0,0,0,16,1555,439,0,59,41,0,0
820,3,0,187156,60452,11260,306572,0,0,0,0,1136,397,0,41,59,0,0
821,0,0,187156,60452,11260,306576,0,0,0,0,1921,535,0,95,5,0,0
822,0,0,187156,60452,11260,306576,0,0,0,0,1281,413,0,47,53,0,0
823,3,0,187156,60452,11260,306580,0,0,0,0,1361,410,0,52,48,0,0
824,4,0,187156,60200,11268,306572,0,0,0,16,2006,468,0,78,22,0,0
825,0,0,187156,60200,11268,306584,0,0,0,0,2038,470,0,74,26,0,0
826,5,0,187156,60200,11268,306584,0,0,0,0,1842,442,0,71,29,0,0
827,1,0,187156,60200,11268,306588,0,0,0,0,2019,477,0,78,22,0,0
828,3,0,187156,60200,11268,306592,0,0,0,0,1202,396,0,43,57,0,0
829,1,0,187156,60200,11276,306592,0,0,0,16,2034,484,0,80,20,0,0
830,0,0,187156,60200,11276,306596,0,0,0,0,1065,375,0,40,60,0,0
831,0,0,187156,60200,11276,306600,0,0,0,0,2132,487,0,85,15,0,0
832,1,0,187156,60200,11276,306600,0,0,0,0,1118,394,0,42,58,0,0
833,3,0,187156,60200,11276,306600,0,0,0,0,1638,439,0,64,36,0,0
834,1,0,187156,60200,11284,306604,0,0,0,16,2149,483,0,85,15,0,0
835,2,0,187156,60200,11284,306608,0,0,0,0,1417,428,0,52,48,0,0
836,1,0,187156,60200,11284,306608,0,0,0,0,1973,456,0,73,27,0,0
837,0,0,187156,60200,11284,306612,0,0,0,0,1264,417,0,44,56,0,0
838,2,0,187156,60200,11284,306616,0,0,0,0,1552,438,0,60,40,0,0
839,0,0,187156,60200,11296,306604,0,0,0,112,1363,424,0,51,49,0,0
840,0,0,187156,60200,11296,306620,0,0,0,0,1265,377,0,47,53,0,0
841,0,0,187156,60200,11296,306620,0,0,0,0,1761,431,0,67,33,0,0
842,0,0,187156,60200,11296,306624,0,0,0,0,1585,426,0,61,39,0,0
843,1,0,187156,60200,11296,306628,0,0,0,0,1329,378,0,49,51,0,0
844,0,0,187156,60200,11304,306628,0,0,0,32,1939,492,0,76,24,0,0
845,0,0,187156,60200,11304,306632,0,0,0,0,1690,414,0,64,36,0,0
846,1,0,187156,60200,11304,306632,0,0,0,0,1390,411,0,52,48,0,0
847,5,0,187156,60200,11304,306636,0,0,0,0,2247,495,0,83,17,0,0
848,1,0,187156,60200,11304,306640,0,0,0,0,2154,513,0,84,16,0,0
849,0,0,187156,60200,11304,306640,0,0,0,0,1272,411,0,48,52,0,0
850,1,0,187156,60200,11312,306640,0,0,0,16,1499,434,0,59,41,0,0
851,5,0,187156,60200,11312,306644,0,0,0,0,2126,479,0,88,12,0,0
852,0,0,187156,60200,11312,306648,0,0,0,0,1457,436,0,57,43,0,0
853,5,0,187156,60200,11312,306652,0,0,0,0,1667,458,0,69,31,0,0
854,0,0,187156,60200,11312,306652,0,0,0,0,1425,450,0,64,36,0,0
855,1,0,187156,60200,11328,306656,0,0,0,56,1388,426,0,53,47,0,0
856,4,0,187156,60200,11328,306656,0,0,0,0,2166,510,0,88,12,0,0
857,4,0,187156,58436,11336,307012,0,0,364,52,2105,1155,1,79,20,0,0
858,1,0,187156,58436,11336,307040,0,0,0,0,1209,418,0,47,53,0,0
859,0,0,187156,58436,11336,307040,0,0,0,0,714,360,0,25,75,0,0
860,0,0,187156,58436,11336,307044,4,0,4,0,1745,499,0,71,29,0,0
861,1,0,187156,58436,11336,307044,0,0,0,0,1070,353,0,41,59,0,0
862,1,0,187156,58436,11344,307048,0,0,0,56,1381,447,0,57,43,0,0
863,1,0,187156,58436,11344,307048,0,0,0,0,1952,489,0,82,18,0,0
864,4,0,187156,58436,11344,307052,0,0,0,0,1852,454,0,76,24,0,0
865,0,0,187156,58436,11344,307056,0,0,0,0,1559,452,0,65,35,0,0
866,4,0,187156,58436,11344,307056,0,0,0,0,1490,417,0,61,39,0,0
867,0,0,187156,58436,11352,307056,0,0,0,24,1496,537,0,63,37,0,0
868,0,0,187156,58436,11352,307056,0,0,0,0,1049,398,0,41,59,0,0
869,0,0,187156,58436,11352,307060,0,0,0,76,1665,428,0,71,29,0,0
870,1,0,187156,58436,11352,307064,0,0,0,0,1248,400,0,51,49,0,0
871,6,0,187156,58436,11352,307064,0,0,0,0,1376,447,0,56,44,0,0
872,0,0,187156,58436,11364,307068,0,0,0,40,1687,455,0,69,31,0,0
873,1,0,187156,58436,11364,307068,0,0,0,0,1654,445,0,71,29,0,0
874,0,0,187156,58436,11364,307072,0,0,0,8,1591,437,0,66,34,0,0
875,2,0,187156,58436,11364,307076,0,0,0,0,1168,375,0,46,54,0,0
876,0,0,187156,58436,11364,307076,0,0,0,0,1759,468,0,74,26,0,0
877,2,0,187156,58436,11372,307080,0,0,0,28,1241,412,0,51,49,0,0
878,0,0,187156,58436,11372,307084,0,0,0,0,2102,505,0,88,12,0,0
879,4,0,187156,58436,11372,307084,0,0,0,0,1755,441,0,75,25,0,0
880,2,0,187156,58436,11372,307088,0,0,0,56,1823,453,0,74,26,0,0
881,0,0,187156,58436,11372,307088,0,0,0,0,1887,441,0,79,21,0,0
882,5,0,187156,58436,11380,307092,0,0,0,16,1717,458,0,71,29,0,0
883,2,0,187156,58436,11380,307096,0,0,0,0,1952,516,0,85,15,0,0
884,2,0,187156,58436,11380,307096,0,0,0,0,1293,406,0,51,49,0,0
885,0,0,187156,58436,11380,307100,0,0,0,0,1684,427,0,72,28,0,0
886,1,0,187156,58436,11380,307100,0,0,0,0,1218,382,0,48,52,0,0
887,0,0,187156,58436,11388,307104,0,0,0,16,1310,421,0,52,47,1,0
888,0,0,187156,58436,11388,307108,0,0,0,0,1081,411,0,42,58,0,0
889,0,0,187156,58436,11388,307108,0,0,0,0,1444,426,0,58,42,0,0
890,0,0,187156,58436,11388,307112,0,0,0,716,1213,442,0,47,53,0,0
891,0,0,187156,58436,11388,307112,0,0,0,0,1315,400,0,53,47,0,0
892,0,0,187156,58436,11396,307116,0,0,0,40,1471,402,0,60,40,0,0
893,0,0,187156,58436,11396,307116,0,0,0,0,1644,475,0,69,31,0,0
894,2,0,187156,58436,11396,307120,0,0,0,0,1456,425,0,60,40,0,0
895,1,0,187156,58436,11396,307120,0,0,0,0,1450,414,0,61,39,0,0
896,1,0,187156,58436,11396,307124,0,0,0,0,1597,412,0,66,34,0,0
897,3,0,187156,58436,11404,307128,0,0,0,16,1161,381,0,47,53,0,0
898,1,0,187156,58436,11404,307132,0,0,0,0,1953,520,0,84,16,0,0
899,4,0,187156,58436,11404,307132,0,0,0,0,1723,425,0,74,26,0,0
900,4,0,187156,58436,11404,307136,0,0,0,76,1813,481,0,75,25,0,0
901,1,0,187156,58436,11404,307136,0,0,0,0,1632,424,0,68,32,0,0
902,0,0,187156,58436,11416,307124,0,0,0,32,1352,421,0,54,46,0,0
903,2,0,187156,58436,11416,307140,0,0,0,0,1424,434,0,57,43,0,0
904,0,0,187156,58436,11416,307144,0,0,0,0,1407,429,0,59,41,0,0
905,0,0,187156,58436,11416,307148,0,0,0,4,1323,439,0,52,48,0,0
906,0,0,187156,58436,11416,307148,0,0,0,0,957,410,0,37,63,0,0
907,0,0,187156,58436,11424,307152,0,0,0,16,1355,452,0,55,45,0,0
908,0,0,187156,58436,11424,307152,0,0,0,0,287,237,0,10,90,0,0
909,0,0,187156,58436,11424,307156,0,0,0,0,81,170,0,0,100,0,0
910,0,0,187156,58436,11424,307156,0,0,0,0,86,185,0,0,100,0,0
911,1,0,187156,58436,11424,307156,0,0,0,0,84,173,0,0,100,0,0
912,0,0,187156,58436,11424,307156,0,0,0,0,90,184,0,0,100,0,0
913,0,0,187156,58436,11432,307156,0,0,0,16,105,211,0,0,100,0,0
914,0,0,187156,58436,11432,307156,0,0,0,0,72,167,0,0,100,0,0
915,0,0,187156,58436,11432,307156,0,0,0,36,87,170,0,0,100,0,0
916,0,0,187156,58436,11432,307156,0,0,0,0,87,180,0,0,100,0,0
917,0,0,187156,58436,11432,307156,0,0,0,0,85,207,0,0,100,0,0
918,0,0,187156,58436,11432,307156,0,0,0,0,88,178,0,0,100,0,0
919,0,0,187156,58436,11440,307156,0,0,0,12,87,187,0,0,100,0,0
920,0,0,187156,58436,11440,307156,0,0,0,0,83,179,0,0,100,0,0
921,0,0,187156,58436,11440,307156,0,0,0,0,83,174,0,0,100,0,0
922,0,0,187156,58436,11440,307156,0,0,0,0,82,171,0,0,100,0,0
923,0,0,187156,58436,11440,307156,0,0,0,0,89,198,0,0,100,0,0
924,0,0,187156,58436,11440,307156,0,0,0,0,82,171,0,0,100,0,0
925,0,0,187156,58436,11448,307156,0,0,0,12,92,186,0,0,100,0,0
926,1,0,187156,58436,11448,307156,0,0,0,0,82,180,0,0,100,0,0
927,0,0,187156,58436,11448,307156,0,0,0,0,79,168,0,0,100,0,0
928,0,0,187156,58436,11448,307156,0,0,0,0,82,179,0,0,100,0,0
929,0,0,187156,58436,11448,307156,0,0,0,0,70,166,0,0,100,0,0
930,0,0,187156,58436,11448,307156,0,0,0,0,88,183,0,0,100,0,0
931,0,0,187156,58436,11456,307156,0,0,0,36,91,194,0,0,100,0,0
932,0,0,187156,58436,11456,307156,0,0,0,0,81,180,0,0,100,0,0
933,0,0,187156,58436,11456,307156,0,0,0,0,86,177,0,0,100,0,0
934,0,0,187156,58436,11456,307156,0,0,0,0,79,177,0,0,100,0,0
935,0,0,187156,58436,11456,307156,0,0,0,0,77,171,0,0,100,0,0
936,0,0,187156,58436,11468,307144,0,0,0,44,93,190,0,0,100,0,0
937,0,0,187156,58436,11468,307156,0,0,0,0,75,167,0,0,100,0,0
938,0,0,187156,58436,11468,307156,0,0,0,0,89,185,0,0,100,0,0
939,0,0,187156,58436,11468,307156,0,0,0,0,72,167,0,0,100,0,0
940,0,0,187156,58436,11468,307156,0,0,0,0,84,177,0,0,100,0,0
941,1,0,187156,58436,11468,307156,0,0,0,0,74,171,0,0,100,0,0
942,1,0,187156,58436,11476,307156,0,0,0,16,97,185,0,0,99,1,0
943,0,0,187156,58436,11476,307156,0,0,0,0,80,178,0,0,100,0,0
944,0,0,187156,58436,11476,307156,0,0,0,0,80,168,0,0,100,0,0
945,0,0,187156,58436,11476,307156,0,0,0,0,69,145,0,0,100,0,0
946,0,0,187156,58436,11476,307156,0,0,0,0,82,170,0,0,100,0,0
947,0,0,187156,58436,11476,307156,0,0,0,0,76,166,0,0,100,0,0
948,0,0,187156,58436,11484,307156,0,0,0,12,99,197,0,1,99,0,0
949,0,0,187156,58436,11484,307156,0,0,0,0,75,170,0,0,100,0,0
